ShortHand,EN,ES,AF,AR,FR,RU,PT,ID,ZH,DE,JA,HI,NL
deviceConnected,Device Connected,Dispositivo conectado,Toestel gekoppel,الجهاز متصل,Appareil connecté,Устройство подключено,Dispositivo conectado,Perangkat terhubung,连接设备,Gerät angeschlossen,接続されたデバイス,डिवाइस जुड़ा हुआ है,Apparaat verbonden
deviceDisconnected,Device Disconnected,Dispositivo desconectado,Toestel ontkoppel,جهاز منفصل,Appareil déconnecté,Устройство отключено,Dispositivo desconectado,Perangkat terputus,设备断开连接,Gerät getrennt,デバイスが切断されました,डिवाइस डिस्कनेक्ट किया गया,Apparaat afgekoppeld
rotateJoysticks,REMINDER: Rotate Joysticks to complete calibration.,Recordatorio: gire los joysticks para completar la calibración.,Herinnering: Draai joysticks om kalibrasie te voltooi.,تذكير: تدوير عصا التحكم لإكمال المعايرة.,Rappel: Faites pivoter les joysticks pour terminer l'étalonnage.,"Напоминание: поверните джойстики, чтобы завершить калибровку.",Lembrete: gire os joysticks para completar a calibração.,Pengingat: Putar joysticks untuk menyelesaikan kalibrasi.,提醒：旋转操纵杆以完成校准。,"Erinnerung: Drehen Sie Joysticks, um die Kalibrierung zu vervollständigen.",リマインダー：ジョイスティックを回転させてキャリブレーションを完了します。,अनुस्मारक: अंशांकन को पूरा करने के लिए जॉयस्टिक्स को घुमाएं।,Herinnering: roteer joysticks om kalibratie te voltooien.
rotateJoystick,REMINDER: Rotate Joystick to complete calibration.,Recordatorio: gire el joystick para completar la calibración.,Herinnering: Draai joystick om kalibrasie te voltooi.,تذكير: تدوير عصا التحكم لإكمال المعايرة.,Rappel: Faites pivoter le joystick pour terminer l'étalonnage.,"Напоминание: поверните джойстик, чтобы завершить калибровку.",Lembrete: gire o joystick para completar a calibração.,Pengingat: Putar joystick untuk menyelesaikan kalibrasi.,提醒：旋转操纵杆以完成校准。,"Erinnerung: Drehen Sie Joystick, um die Kalibrierung zu vervollständigen.",リマインダー：ジョイスティックを回転させてキャリブレーションを完了します。,अनुस्मारक: अंशांकन पूरा करने के लिए जॉयस्टिक को घुमाएं।,Herinnering: roteer joystick om kalibratie te voltooien.
driverStarted,Driver Started,Se inició el conductor,Bestuurder het begin,بدأ السائق,Le conducteur a commencé,Водитель начал,O motorista começou,Pengemudi mulai,驾驶员开始,Fahrer begann,ドライバーが始まりました,चालक ने शुरू किया,Bestuurder begon
driverStopped,Driver Stopped,El conductor se detuvo,Bestuurder stop,توقف السائق,Le conducteur s'est arrêté,Водитель остановился,O motorista parou,Pengemudi berhenti,驾驶员停了下来,Fahrer blieb stehen,ドライバーが停止しました,ड्राइवर रुक गया,Driver stopte
driverResumed,Driver Resumed,Reanude el conductor,Bestuurder hervat,استأنف السائق,Le conducteur a repris,Водитель возобновился,Motorista retomado,Pengemudi dilanjutkan,驾驶员恢复,Fahrer wieder aufgenommen,ドライバーが再開しました,ड्राइवर फिर से शुरू हुआ,Bestuurder werd hervat
driverPaused,Driver Paused,Conductor detenido,Bestuurder onderbreek,توقف سائق,Le conducteur en pause,Водитель сделал паузу,O motorista fez uma pausa,Pengemudi berhenti,司机停下来,Fahrer machte eine Pause,ドライバーは一時停止しました,चालक ने रोका,Bestuurder gepauzeerd
autoConfigFound,Automatic configuration found for application: ,Configuración automática encontrada para la aplicación:,Outomatiese konfigurasie gevind vir toepassing:,التكوين التلقائي الموجود للتطبيق:,Configuration automatique trouvée pour l'application:,"Автоматическая конфигурация, найденная для приложения:",Configuração automática encontrada para aplicação:,Konfigurasi otomatis ditemukan untuk aplikasi:,为应用程序找到的自动配置：,Automatische Konfiguration für die Anwendung:,アプリケーション用に見つかった自動構成：,एप्लिकेशन के लिए पाया गया स्वचालित कॉन्फ़िगरेशन:,Automatische configuratie gevonden voor toepassing:
about,About,Acerca de,Rondom,عن,À propos,О,Sobre,Tentang,关于,Um,だいたい,के बारे में,Over
version,Version:,Versión:,Weergawe:,إصدار:,Version:,Версия:,Versão:,Versi: kapan:,版本：,Ausführung:,バージョン：,संस्करण:,Versie:
support,Support:,Apoyo:,Ondersteuning:,يدعم:,Soutien:,Поддерживать:,Apoiar:,Mendukung:,支持：,Unterstützung:,サポート：,सहायता:,Steun:
gmkWebsite,GMK Website,Sitio web de GMK,GMK -webwerf,موقع GMK,Site Web de GMK,Веб -сайт GMK,Site GMK,Situs web GMK,GMK网站,GMK -Website,GMKウェブサイト,जीएमके वेबसाइट,GMK -website
gmkDriver,GMK Driver,Controlador GMK,GMK -bestuurder,سائق GMK,Pilote GMK,Драйвер GMK,Driver GMK,Pengemudi GMK,GMK驱动程序,GMK -Treiber,GMKドライバー,जीएमके ड्राइवर,GMK -stuurprogramma
settings,Settings,Ajustes,Instellings,إعدادات,Paramètres,Настройки,Configurações,Pengaturan,设置,Einstellungen,設定,समायोजन,Instellingen
setAsStartupApp,Set as startup app,Establecer como aplicación de inicio,Stel as opstart -app,تعيين كتطبيق بدء التشغيل,Définir l'application de démarrage,Установить как приложение для стартапа,Defina como aplicativo de inicialização,Setel sebagai aplikasi startup,设置为启动应用程序,Setzen Sie als Start -App,起動アプリとして設定します,स्टार्टअप ऐप के रूप में सेट करें,Stel in als opstart -app
removeFromStartupApps,Remove from startup apps,Eliminar de las aplicaciones de inicio,Verwyder van opstartprogramme,إزالة من تطبيقات بدء التشغيل,Supprimer des applications de démarrage,Удалить из приложений запускания,Remova dos aplicativos de inicialização,Hapus dari aplikasi startup,从启动应用程序中删除,Entfernen Sie aus Start -Apps,起動アプリから削除します,स्टार्टअप ऐप्स से निकालें,Verwijderen uit opstart -apps
devices,Devices,Dispositivos,Toestelle,الأجهزة,Dispositifs,Устройства,Dispositivos,Perangkat,设备,Geräte,デバイス,उपकरण,Apparaat
deviceType,Device Type:,Tipo de dispositivo:,Toesteltipe:,نوع الجهاز:,Type d'appareil:,Тип устройства:,Tipo de dispositivo:,Tipe perangkat:,设备类型：,Gerätetyp:,デバイスタイプ：,उपकरण का प्रकार:,Soort apparaat:
viGEmNotInstalled1,Could not find ViGEm Bus Driver Installed on this computer,No pudo encontrar el controlador de bus de vigem instalado en esta computadora,Kon Vigem -busbestuurder nie op hierdie rekenaar geïnstalleer hê nie,لا يمكن العثور على برنامج تشغيل ناقل Vigem مثبت على هذا الكمبيوتر,Impossible de trouver le pilote de bus VIGEM installé sur cet ordinateur,"Не удалось найти на этом компьютере, установленном водителем шины Vigem",Não foi possível encontrar o driver de ônibus Vigem instalado neste computador,Tidak dapat menemukan driver bus vigem diinstal di komputer ini,找不到这台计算机上安装的维格姆公共汽车司机,"Es konnte nicht finden, dass Vigem Busfahrer auf diesem Computer installiert wurde",このコンピューターにインストールされているVigemバスのドライバーが見つかりませんでした,इस कंप्यूटर पर स्थापित विजेम बस ड्राइवर नहीं मिला,Kon geen vigem buschauffeur op deze computer geïnstalleerd zijn
viGEmNotInstalled2,Please download the latest release from: https://github.com/ViGEm/ViGEmBus/releases,Descargue la última versión de: https://github.com/vigem/vigembus/releases,Laai asseblief die nuutste weergawe van: https://github.com/vigem/vigembus/releases af,يرجى تنزيل أحدث إصدار من: https://github.com/vigem/vigembus/releases,Veuillez télécharger la dernière version de: https://github.com/vigem/vigembus/releases,"Пожалуйста, загрузите последний выпуск от: https://github.com/vigem/vigembus/releases",Faça o download do último lançamento de: https://github.com/vigem/vigembus/releases,Silakan unduh rilis terbaru dari: https://github.com/vigem/vigembus/releases,请从以下内容下载最新版本：https：//github.com/vigem/vigembus/releases,Bitte laden Sie die neueste Version von: https://github.com/vigem/vigembus/release herunter,https://github.com/vigem/vigembus/releasesから最新リリースをダウンロードしてください,कृपया नवीनतम रिलीज़ डाउनलोड करें: https://github.com/vigem/vigembus/releases,Download de nieuwste release van: https://github.com/vigem/vigembus/releases
serialNumber,Serial Number:,Número de serie:,Reeksnommer:,رقم سري:,Numéro de série:,Серийный номер:,Número de série:,Nomor seri:,序列号：,Seriennummer:,シリアルナンバー：,क्रमिक संख्या:,Serienummer:
gameAssoc,Game Association:,Asociación de juegos:,Speletjievereniging:,جمعية اللعبة:,Association de jeu:,Игровая ассоциация:,Associação de Jogos:,Asosiasi Game:,游戏协会：,Game Association:,ゲーム協会：,खेल एसोसिएशन:,Game Association:
configs,Configurations,Configuraciones,Konfigurasies,التكوينات,Configurations,Конфигурации,Configurações,Konfigurasi,配置,Konfigurationen,構成,विन्यास,Configuraties
configName,Configuration Name,Nombre de configuración,Konfigurasie naam,اسم التكوين,Nom de configuration,Название конфигурации,Nome da configuração,Nama Konfigurasi,配置名称,Konfigurationsname,構成名,विन्यास नाम,Configuratienaam
defaultConfig,Default Config,Configuración predeterminada,Standaardkonfig,التكوين الافتراضي,Configuration par défaut,Конфигурация по умолчанию,Config padrão,Konfigurasi default,默认配置,Standardkonfiguration,デフォルトの構成,डिफ़ॉल्ट विन्यास,Standaard configuratie
default,Default  ,Por defecto,Versuim,تقصير,Défaut,По умолчанию,Padrão,Bawaan,默认,Standard,デフォルト,गलती करना,Standaard
makeDefault,Make Default,Hacer por defecto,Maak dit die terugval-opsie,جعل الافتراضي,Faire défaut,Использовать по умолчанию,Tornar padrão,Membuat default,使默认,Machen Standard,デフォルトにします,डिफ़ॉल्ट बनाना,Standaard maken
load,Load,Carga,Vrag,حمولة,Charger,Нагрузка,Carregar,Memuat,加载,Belastung,ロード,भार,Laden
save,Save,Ahorrar,Red,يحفظ,Sauvegarder,Сохранять,Salvar,Menyimpan,节省,Speichern,保存,बचाना,Redden
configSettings,Configuration Settings,Ajustes de configuración,Konfigurasie -instellings,إعدادات التكوين,Paramètres de configuration,Настройки конфигурации,Definições de configuração,Pengaturan konfigurasi,配置设置,Konfigurationseinstellungen,構成設定,कॉन्फ़िगरेशन सेटिंग्स,Configuratie-instellingen
editBindings,Edit Bindings...,Editar enlaces ...,Bindings wysig ...,تحرير الارتباطات ...,Modifier les liaisons ...,Редактировать привязки ...,Editar ligações ...,Edit binding ...,编辑绑定...,Bindungen bearbeiten ...,バインディングを編集...,बाइंडिंग संपादित करें ...,Bindingen bewerken ...
buttonBindings,Button Bindings,Botones ANIZACIONES,Knoppie bindings,ربط زر,Reliures aux boutones,Кнопки привязки,Ligações de botões,Binding tombol,按钮绑定,Knopfbindungen,ボタンバインディング,बटन बाइंडिंग,Knopbindingen
joystickBindings,Joystick Bindings,Bindoces de joystick,Joystick -bindings,ارتباطات عصا التحكم,Reliures au joystick,Джажонстик привязки,Ligas de joystick,Binding Joystick,操纵杆绑定,Joystick -Bindungen,ジョイスティックバインディング,जॉयस्टिक बाइंडिंग,Joystick -bindingen
selectionHelp,Double-Click a Binding to Start,Haga doble clic en un enlace para comenzar,Dubbelklik op 'n binding om te begin,انقر نقرًا مزدوجًا فوق الربط للبدء,Double-cliquez sur une reliure pour commencer,"Дважды щелкните привязку, чтобы начать",Clique duas vezes em uma ligação para começar,Klik dua kali ikatan untuk memulai,双击绑定以开始,"Doppelklicken Sie auf eine Bindung, um zu starten",バインディングをダブルクリックして開始します,शुरू करने के लिए एक बंधन पर डबल-क्लिक करें,Dubbelklik op een binding om te starten
inputButton,Input Button,Botón de entrada,Insetknoppie,زر الإدخال,Bouton d'entrée,Кнопка ввода,Botão de entrada,Tombol input,输入按钮,Eingabetaste,入力ボタン,इनपुट बटन,Invoerknop
outputButton,Output Button,Botón de salida,Uitvoerknoppie,زر الإخراج,Bouton de sortie,Кнопка вывода,Botão de saída,Tombol output,输出按钮,Ausgangstaste,出力ボタン,आउटपुट बटन,Uitvoerknop
inputJoystick,Input Joystick,Joystick de entrada,Inset Joystick,إدخال عصا التحكم,Joystick d'entrée,Введите джойстик,Entrada Joystick,Masukkan joystick,输入操纵杆,Geben Joystick ein,入力ジョイスティック,इनपुट जॉयस्टिक,Voer joystick in
outputJoystick,Output Joystick,Joystick de salida,Uitset Joystick,عصا التحكم في الإخراج,Joystick de sortie,Вывод джойстик,Saída Joystick,Keluaran joystick,输出操纵杆,Ausgabe Joystick,出力ジョイスティック,आउटपुट जॉयस्टिक,Output joystick
configEditor,Configuration Editor,Editor de configuración,Konfigurasie -redakteur,محرر التكوين,Éditeur de configuration,Редактор конфигурации,Editor de configuração,Editor Konfigurasi,配置编辑器,Konfigurationseditor,構成エディター,विन्यास संपादक,Configuratie -editor
rotate ,Input Joystick Rotation (Clockwise),Rotación de joystick de entrada (en sentido horario),Inset Joystick Rotation (kloksgewys),إدخال عصا التحكم الدوران (في اتجاه عقارب الساعة),Rotation du joystick d'entrée (dans le sens horaire),Ввод вращения джойстика (по часовой стрелке),Rota de joystick de entrada (no sentido horário),Masukkan rotasi joystick (searah jarum jam),输入操纵杆旋转（顺时针）,Eingabe der Joystick -Rotation (im Uhrzeigersinn),入力ジョイスティック回転（時計回り）,इनपुट जॉयस्टिक रोटेशन (दक्षिणावर्त),Voer joystick rotatie in (met de klok mee)
deadzone,Deadzone,Zona muerta,Deadzone,منطقة شديدة الخطورة,Zone morte,Мертвая зона,Zona morta,Deadzone,盲区,Todeszone,デッドゾーン,मृत क्षेत्र,Dode zone
linear,Linear,Lineal,Lineêr,خطي,Linéaire,Линейный,Linear,Linear,线性,Linear,線形,रेखीय,Lineair
snapMode,76° Snap Mode,Modo SNAP de 76 °,76 ° Snap -modus,وضع 76 ° SNAP,Mode SNAP 76 °,76 ° режим Snap,76 ° Modo Snap,Mode Snap 76 °,76°快照模式,76 ° Snap -Modus,76°スナップモード,76 ° स्नैप मोड,76 ° SNAP -modus
snapIntensity,Snap76 Intensity,Intensidad SNAP76,Snap76 intensiteit,Snap76 شدة,Intensité Snap76,SNAP76 Интенсивность,Intensidade do Snap76,Intensitas snap76,SNAP76强度,Snap76 Intensität,SNAP76強度,स्नैप 76 तीव्रता,Snap76 -intensiteit
extremeTight,Extremely Tight (20°),Extremadamente apretado (20 °),Uiters styf (20 °),ضيق للغاية (20 درجة),Extrêmement serré (20 °),Очень плотно (20 °),Extremamente apertado (20 °),Sangat ketat (20 °),非常紧（20°）,Extrem eng (20 °),非常にタイト（20°）,बेहद तंग (20 °),Extreem strak (20 °)
tight,Tight (30°),Apretado (30 °),Styf (30 °),ضيق (30 درجة),Serré (30 °),Плотно (30 °),Apertado (30 °),Ketat (30 °),紧（30°）,Eng (30 °),タイト（30°）,तंग (30 °),Strak (30 °)
medium,Medium (40°),Medio (40 °),Medium (40 °),متوسط ​​(40 درجة),Moyen (40 °),Средний (40 °),Médio (40 °),Sedang (40 °),培养基（40°）,Medium (40 °),中（40°）,मध्यम (40 °),Medium (40 °)
loose,Loose (50°),Suelto (50 °),Los (50 °),فضفاض (50 درجة),Lâche (50 °),Свободный (50 °),Solto (50 °),Longgar (50 °),松动（50°）,Locker (50 °),ルーズ（50°）,ढीला (50 °),Los (50 °)
veryLoose,Very Loose (60°),Muy suelto (60 °),Baie los (60 °),فضفاض جدا (60 درجة),Très lâche (60 °),Очень свободный (60 °),Muito solto (60 °),Sangat longgar (60 °),非常松散（60°）,Sehr locker (60 °),非常にゆるい（60°）,बहुत ढीला (60 °),Erg los (60 °)
reset,Reset,Reiniciar,Herstel,إعادة ضبط,Réinitialiser,Перезагрузить,Reiniciar,Mengatur ulang,重置,Zurücksetzen,リセット,रीसेट,Resetten
snap,Snap ,Quebrar,Klap,فرقعة,Instantané,Щелчок,Foto,Patah,折断,Schnappnahme,スナップ,चटकाना,Hapje
inputAxis,Input Axis,Eje de entrada,Insette,محور الإدخال,Axe d'entrée,Входная ось,Eixo de entrada,Sumbu input,输入轴,Eingangsachse,入力軸,इनपुट अक्ष,Invoeras
outputAxis,Output Axis,Eje de salida,Uitset -as,محور الإخراج,Axe de sortie,Выходная ось,Eixo de saída,Sumbu output,输出轴,Ausgangsachse,出力軸,आउटपुट अक्ष,Outputas
inputTrigger,Input Trigger,Disparador de entrada,Inset -sneller,مشغل الإدخال,Déclencheur d'entrée,Входной триггер,Gatilho de entrada,Pemicu input,输入触发器,Eingabeauslöser,入力トリガー,इनपुट ट्रिगर,Input -trigger
outputTrigger,Output Trigger,Disparador de salida,Uitset -sneller,الزناد الإخراج,Déclencheur de sortie,Выходной триггер,Gatilho de saída,Pemicu output,输出触发器,Ausgabeauslöser,出力トリガー,आउटपुट ट्रिगर,Outputtrigger
outputKeys,Output Keys,Claves de salida,Uitvoersleutels,مفاتيح الإخراج,Touches de sortie,Выходные ключи,Teclas de saída,Kunci output,输出键,Ausgabeschlüssel,出力キー,आउटपुट कीज़,Uitvoersleutels
off,Off,Apagado,Af,عن,Désactivé,Выключенный,Desligado,Mati,离开,Aus,オフ,बंद,Uit
addBinding,Add Binding,Agregar encuadernación,Voeg binding by,أضف الربط,Ajouter une reliure,Добавить привязку,Adicione a ligação,Tambahkan Ikatan,添加绑定,Bindung hinzufügen,バインディングを追加します,बाइंडिंग जोड़ें,Voeg binding toe
removeBinding,Remove Binding,Eliminar la unión,Verwyder binding,إزالة الربط,Supprimer la reliure,Удалить привязку,Remova a ligação,Hapus Ikatan,删除绑定,Bindung entfernen,バインディングを削除します,बंधन को हटा दें,Verwijder de binding
button,Button ,Botón,Knoop,زر,Bouton,Кнопка,Botão,Tombol,按钮,Taste,ボタン,बटन,Knop
joystick ,Joystick  ,Palanca de mando,Joystick,عصا التحكم,Manette,Джойстик,Controle de video game,Joystick,操纵杆,Joystick,ジョイスティック,जोस्टिक,Joystick
trigger,Trigger ,Desencadenar,Sneller,مشغل,Déclencher,Курок,Acionar,Pemicu,扳机,Abzug,引き金,चालू कर देना,Trekker
buttonAsButton,Button As Button,Botón como botón,Knoppie as knoppie,زر كزر,Bouton comme bouton,Кнопка как кнопка,Botão como botão,Tombol sebagai tombol,按钮作为按钮,Taste als Schaltfläche,ボタンとしてボタン,बटन के रूप में बटन,Knop als knop
buttonAsJoystick,Button As Joystick,Botón como joystick,Knoppie as joystick,زر كما عصا,Bouton comme joystick,Кнопка как джойстик,Botão como joystick,Tombol sebagai joystick,按钮作为操纵杆,Knopf als Joystick,ジョイスティックとしてのボタン,जॉयस्टिक के रूप में बटन,Knop als joystick
buttonAsTrigger,Button As Trigger,Botón como disparador,Knoppie as sneller,زر كما الزناد,Bouton comme déclencheur,Кнопка как триггер,Botão como gatilho,Tombol sebagai pemicu,按钮作为触发器,Taste als Auslöser,トリガーとしてボタン,ट्रिगर के रूप में बटन,Knop als trigger
buttonAsKeyboard,Button As Keyboard,Botón como teclado,Knoppie as sleutelbord,زر كوحة المفاتيح,Bouton comme clavier,Кнопка как клавиатура,Botão como teclado,Tombol sebagai keyboard,按钮作为键盘,Taste als Tastatur,キーボードとしてのボタン,कीबोर्ड के रूप में बटन,Knop als toetsenbord
joystickAsButton,Joystick As Button,Joystick como botón,Joystick as knoppie,عصا التحكم كزر,Joystick comme bouton,Джойстик как кнопка,Joystick como botão,Joystick sebagai tombol,操纵杆作为按钮,Joystick als Knopf,ボタンとしてのジョイスティック,बटन के रूप में जॉयस्टिक,Joystick als knop
joystickAsJoystick,Joystick As Joystick,Joystick como joystick,Joystick as joystick,عصا التحكم كما عصا التحكم,Joystick comme joystick,Джойстик как джойстик,Joystick como joystick,Joystick sebagai joystick,操纵杆作为操纵杆,Joystick als Joystick,ジョイスティックとしてのジョイスティック,जॉयस्टिक के रूप में जॉयस्टिक,Joystick als joystick
joystickAsTrigger,Joystick As Trigger,Joystick como gatillo,Joystick as sneller,عصا التحكم كما الزناد,Joystick comme déclencheur,Джойстик как триггер,Joystick como gatilho,Joystick sebagai pemicu,操纵杆作为扳机,Joystick als Auslöser,トリガーとしてのジョイスティック,ट्रिगर के रूप में जॉयस्टिक,Joystick als trigger
joystickAsKeyboard,Joystick As Keyboard,Joystick como teclado,Joystick as sleutelbord,عصا التحكم كما لوحة المفاتيح,Joystick comme clavier,Джойстик как клавиатура,Joystick como teclado,Joystick sebagai keyboard,操纵杆作为键盘,Joystick als Tastatur,キーボードとしてのジョイスティック,कीबोर्ड के रूप में जॉयस्टिक,Joystick als toetsenbord
triggerAsButton,Trigger As Button,Disparador como botón,Sneller as knoppie,الزناد كزر,Déclencher comme bouton,Триггер как кнопка,Gatilho como botão,Pemicu sebagai tombol,触发为按钮,Trigger als Taste,ボタンとしてトリガーします,बटन के रूप में ट्रिगर,Trigger als knop
triggerAsJoystick,Trigger As Joystick,Desencadenante como joystick,Sneller as joystick,الزناد كما عصا التحكم,Déclencher comme joystick,Триггер как джойстик,Gatilho como joystick,Pemicu sebagai joystick,扳机作为操纵杆,Trigger als Joystick,ジョイスティックとしてトリガー,जॉयस्टिक के रूप में ट्रिगर,Trigger als joystick
triggerAsTrigger,Trigger As Trigger,Disparador como disparador,Sneller as sneller,الزناد كما الزناد,Trigger comme déclencheur,Триггер как триггер,Gatilho como gatilho,Pemicu sebagai pemicu,触发作为触发器,Auslöser als Auslöser,トリガーとしてトリガー,ट्रिगर के रूप में ट्रिगर,Trigger als trigger
triggerAsKeyboard,Trigger As Keyboard,Disparador como teclado,Sneller as sleutelbord,الزناد كما لوحة المفاتيح,Déclencher comme clavier,Триггер как клавиатура,Gatilho como teclado,Pemicu sebagai keyboard,触发作为键盘,Trigger als Tastatur,キーボードとしてトリガー,कीबोर्ड के रूप में ट्रिगर,Trigger als toetsenbord
setActive,Set Active,Establecer activo,Stel aktief,تفعيل النشاط,Définir actif,Установить активное,Ativar,Atur aktif,设置活动,Aktivieren,アクティブに設定します,सक्रिय नियत करें,Activeren
addConfig,Add Configuration,Agregar configuración,Voeg konfigurasie by,إضافة التكوين,Ajouter une configuration,Добавить конфигурацию,Adicione a configuração,Tambahkan Konfigurasi,添加配置,Konfiguration hinzufügen,構成を追加します,कॉन्फ़िगरेशन जोड़ें,Configuratie toevoegen
renameConfig,Rename,Rebautizar,Hernoem,إعادة تسمية,Renommer,Переименовать,Renomear,Ganti nama,改名,Umbenennen,名前を変更します,नाम बदलें,Hernoeming
removeConfig,Remove,Eliminar,Verwyder,يزيل,Retirer,Удалять,Remover,Menghapus,消除,Entfernen,削除,निकालना,Verwijderen
makeDefault,Make Default,Hacer por defecto,Maak dit die terugval-opsie,جعل الافتراضي,Faire défaut,Использовать по умолчанию,Tornar padrão,Membuat default,使默认,Machen Standard,デフォルトにします,डिफ़ॉल्ट बनाना,Standaard maken
newConfig,New...,Nuevo...,NUWE ...,جديد...,Nouveau...,Новый...,Novo...,Baru...,新的...,Neu...,新しい...,नया...,Nieuw...
newConfigFromExisting,From Existing...,De existente ...,Van bestaande ...,من القائمة ...,De l'existant ...,Из существующего ...,De existente ...,Dari yang ada ...,从现有...,Von existierenden ...,既存から...,मौजूदा से ...,Van bestaande ...
language,Language,Idioma,Taal,لغة,Langue,Язык,Linguagem,Bahasa,语言,Sprache,言語,भाषा,Taal
overwriteConfig,Do you want to overwrite configuration?,¿Quieres sobrescribir la configuración?,Wil u die konfigurasie oorskryf?,هل تريد الكتابة فوق التكوين؟,Voulez-vous écraser la configuration?,Вы хотите перезаписать конфигурацию?,Deseja substituir a configuração?,Apakah Anda ingin menimpa konfigurasi?,您要覆盖配置吗？,Möchten Sie die Konfiguration überschreiben?,構成を上書きしますか？,क्या आप कॉन्फ़िगरेशन को अधिलेखित करना चाहते हैं?,Wilt u de configuratie overschrijven?
overwrite,Overwrite?,¿Sobrescribir?,Oorskryf?,الكتابة فوق؟,Écraser?,Перезаписать?,Substituir?,Timpa?,覆盖？,Überschreiben?,上書きしますか？,अधिलेखित?,Overschrijven?
yes,Yes,Sí,Ja,نعم,Oui,Да,Sim,Ya,是的,Ja,はい,हाँ,Ja
no,No,No,Geen,لا,Non,Нет,Não,TIDAK,不,NEIN,いいえ,नहीं,Nee
ok,OK,DE ACUERDO,Ok,نعم,D'ACCORD,ХОРОШО,OK,OKE,好的,OK,OK,ठीक,OK
cancel,Cancel,Cancelar,Kanselleer,يلغي,Annuler,Отмена,Cancelar,Membatalkan,取消,Stornieren,キャンセル,रद्द करना,Annuleren
deleteConfig,Delete this configuration from hard drive?,Eliminar esta configuración del disco duro?,Verwyder hierdie konfigurasie van die hardeskyf?,حذف هذا التكوين من القرص الصلب؟,Supprimer cette configuration du disque dur?,Удалить эту конфигурацию с жесткого диска?,Excluir esta configuração do disco rígido?,Hapus konfigurasi ini dari hard drive?,从硬盘驱动器中删除此配置？,Diese Konfiguration aus der Festplatte löschen?,ハードドライブからこの構成を削除しますか？,हार्ड ड्राइव से इस कॉन्फ़िगरेशन को हटा दें?,Deze configuratie verwijderen uit de harde schijf?
delete,Delete,Borrar,Verwyder,يمسح,Supprimer,Удалить,Excluir,Menghapus,删除,Löschen,消去,मिटाना,Verwijderen
gameAssocTooltip,"Enter a basic application name to auto-switch to this configuration whenever the application is active. (e.g. ""Fortnite"" or ""Rocket League"")","Ingrese un nombre básico de la aplicación para cambiar automáticamente en esta configuración siempre que la aplicación esté activa. (por ejemplo, ""Fortnite"" o ""Rocket League"")","Voer 'n basiese toepassingsnaam in om outomaties te skakel na hierdie konfigurasie wanneer die toepassing aktief is. (bv. ""Fortnite"" of ""Rocket League"")","أدخل اسم التطبيق الأساسي إلى التبديل التلقائي لهذا التكوين كلما كان التطبيق نشطًا. (على سبيل المثال ""Fortnite"" أو ""Rocket League"")","Entrez un nom d'application de base pour interruption automatique à cette configuration chaque fois que l'application est active. (par exemple ""Fortnite"" ou ""Rocket League"")","Введите базовое имя приложения в автоматическое переключение в эту конфигурацию всякий раз, когда приложение активно. (например, ""Fortnite"" или ""ракетная лига"")","Digite um nome de aplicativo básico para compensar automaticamente esta configuração sempre que o aplicativo estiver ativo. (por exemplo, ""Fortnite"" ou ""Rocket League"")","Masukkan nama aplikasi dasar untuk beralih secara otomatis ke konfigurasi ini setiap kali aplikasi aktif. (mis. ""Fortnite"" atau ""Rocket League"")",每当应用程序处于活动状态时，输入自动开关的基本应用程序名称。 （例如“ Fortnite”或“火箭联盟”）,"Geben Sie einen grundlegenden Anwendungsnamen ein, um diese Konfiguration automatisch zu schalten, wenn die Anwendung aktiv ist. (z. B. ""Fortnite"" oder ""Rocket League"")",基本的なアプリケーション名を入力して、アプリケーションがアクティブになったときはいつでもこの構成に自動スイッチを設定します。 （例：「Fortnite」または「Rocket League」）,"जब भी एप्लिकेशन सक्रिय होता है, तो इस कॉन्फ़िगरेशन में ऑटो-स्विच के लिए एक बुनियादी एप्लिकेशन नाम दर्ज करें। (जैसे ""फोर्टनाइट"" या ""रॉकेट लीग"")","Voer een basistoepassingsnaam in om automatisch te schakelen naar deze configuratie wanneer de toepassing actief is. (bijv. ""Fortnite"" of ""Rocket League"")"
resumeDriver,Resume Driver,Currículum vitae,Hervat bestuurder,استئناف السائق,CV CHEPING,Резюме водителя,Retomar o driver,Resume Driver,简历驱动程序,Lebenslauf Fahrer,履歴書ドライバー,ड्राइवर को फिर से शुरू करें,Hervatten bestuurder
pauseDriver,Pause Driver,Controlador de pausa,Pouse drywer,سائق توقف مؤقت,Paute de pause,Пауза драйвер,Pausa driver,Pause Driver,暂停驱动程序,Pause Fahrer,ドライバーを一時停止します,रोकें चालक,Pauzeer bestuurder
defaultLoaded2,Loading the default configuration instead.,Cargando la configuración predeterminada en su lugar.,Laai eerder die standaardkonfigurasie.,تحميل التكوين الافتراضي بدلاً من ذلك.,Chargement de la configuration par défaut à la place.,Загрузка конфигурации по умолчанию вместо этого.,Carregando a configuração padrão.,Memuat konfigurasi default sebagai gantinya.,改为加载默认配置。,Laden Sie stattdessen die Standardkonfiguration.,代わりにデフォルトの構成をロードします。,इसके बजाय डिफ़ॉल्ट कॉन्फ़िगरेशन लोड करना।,In plaats daarvan de standaardconfiguratie laden.
defaultLoaded1,"The configuration ""{0}"" does not match the device type: ""{1}"".","La configuración ""{0}"" no coincide con el tipo de dispositivo: ""{1}"".","Die konfigurasie ""{0}"" stem nie ooreen met die tipe toestel nie: ""{1}"".","لا يتطابق التكوين ""{0}"" مع نوع الجهاز: ""{1}"".","La configuration ""{0}"" ne correspond pas au type de périphérique: ""{1}"".","Конфигурация ""{0}"" не соответствует типу устройства: ""{1}"".","A configuração ""{0}"" não corresponde ao tipo de dispositivo: ""{1}"".","Konfigurasi ""{0}"" tidak cocok dengan jenis perangkat: ""{1}"".",配置“ {0}”不匹配设备类型：“ {1}”。,"Die Konfiguration ""{0}"" stimmt nicht mit dem Gerätetyp überein: ""{1}"".",構成「{0}」は、デバイスタイプ「{1}」と一致しません。,"कॉन्फ़िगरेशन ""{0}"" डिवाइस प्रकार से मेल नहीं खाता है: ""{1}""।","De configuratie ""{0}"" komt niet overeen met het apparaattype: ""{1}""."
failedOpenConfig1,"Failed to open configuration ""{0}"", loading default configuration instead.","No se pudo abrir la configuración ""{0}"", cargando la configuración predeterminada en su lugar.","Kon nie die konfigurasie ""{0}"" open nie, en laai in plaas daarvan standaardkonfigurasie.","فشل في فتح التكوين ""{0}"" ، قم بتحميل التكوين الافتراضي بدلاً من ذلك.","Impossible d'ouvrir la configuration ""{0}"", chargeant plutôt la configuration par défaut.","Не удалось открыть конфигурацию ""{0}"", вместо этого загрузка конфигурации по умолчанию.","Falha ao abrir a configuração ""{0}"", carregando a configuração padrão.","Gagal membuka konfigurasi ""{0}"", memuat konfigurasi default sebagai gantinya.",无法打开配置“ {0}”，而是加载默认配置。,"Die Konfiguration ""{0}"" nicht geöffnet und stattdessen die Standardkonfiguration geladen.",構成「{0}」を開くことに失敗し、代わりにデフォルトの構成を読み込みました。,"कॉन्फ़िगरेशन को खोलने में विफल ""{0}"", इसके बजाय डिफ़ॉल्ट कॉन्फ़िगरेशन लोड हो रहा है।","Niet om de configuratie ""{0}"" te openen, in plaats daarvan de standaardconfiguratie laden."
failedOpenConfig2,Please consider removing this configuration from the device configurations to avoid future errors.,Considere eliminar esta configuración de las configuraciones del dispositivo para evitar errores futuros.,Oorweeg dit om hierdie konfigurasie uit die toestelkonfigurasies te verwyder om toekomstige foute te vermy.,يرجى النظر في إزالة هذا التكوين من تكوينات الجهاز لتجنب الأخطاء المستقبلية.,Veuillez envisager de supprimer cette configuration des configurations de l'appareil pour éviter les erreurs futures.,"Пожалуйста, рассмотрите возможность удаления этой конфигурации из конфигураций устройства, чтобы избежать будущих ошибок.","Por favor, considere remover esta configuração das configurações do dispositivo para evitar erros futuros.",Harap pertimbangkan untuk menghapus konfigurasi ini dari konfigurasi perangkat untuk menghindari kesalahan di masa depan.,请考虑从设备配置中删除此配置，以避免将来的错误。,"Bitte ziehen Sie diese Konfiguration aus den Gerätekonfigurationen aus, um zukünftige Fehler zu vermeiden.",将来のエラーを回避するために、デバイス構成からこの構成を削除することを検討してください。,कृपया भविष्य की त्रुटियों से बचने के लिए डिवाइस कॉन्फ़िगरेशन से इस कॉन्फ़िगरेशन को हटाने पर विचार करें।,Overweeg deze configuratie uit de apparaatconfiguraties te verwijderen om toekomstige fouten te voorkomen.
noDevicesDetected,No GMK devices detected. Check connections and reinsert USB.,No hay dispositivos GMK detectados. Verifique las conexiones y vuelva a insertar USB.,Geen GMK -toestelle opgespoor nie. Kontroleer verbindings en herinSert USB.,لم يتم اكتشاف أجهزة GMK. تحقق من الاتصالات وإعادة إدخال USB.,Aucun dispositif GMK détecté. Vérifiez les connexions et réinsérez USB.,Устройства GMK не обнаружены. Проверьте соединения и повторно вставьте USB.,Nenhum dispositivo GMK detectado. Verifique as conexões e reinserir USB.,Tidak ada perangkat GMK yang terdeteksi. Periksa koneksi dan reinsert USB.,未检测到GMK设备。检查连接并重新插入USB。,Keine GMK -Geräte erkannt. Überprüfen Sie die Verbindungen und setzen Sie USB wieder ein.,GMKデバイスは検出されませんでした。接続を確認し、USBを再挿入します。,कोई GMK उपकरणों का पता नहीं चला। कनेक्शन की जाँच करें और USB को फिर से शुरू करें।,Geen GMK -apparaten gedetecteerd. Controleer de verbindingen en herinspanning USB.
rescanning,"USB device count changed, scanning devices...","Recuento de dispositivos USB cambiado, dispositivos de escaneo ...","USB -toesteltelling het verander, skandeetoestelle ...",تم تغيير عدد أجهزة USB ، أجهزة المسح ...,"Le nombre de périphériques USB a changé, les appareils de numérisation ...","USB -устройства изменилось, сканирующие устройства ...","A contagem de dispositivos USB mudou, os dispositivos de digitalização ...","Hitungan perangkat USB diubah, perangkat pemindaian ...",USB设备计数更改，扫描设备...,"USB -Gerätezahl geändert, Scan -Geräte ...",USBデバイスカウントの変更、スキャンデバイス...,"USB डिवाइस काउंट बदल गया, स्कैनिंग डिवाइस ...","USB -apparaat aantal gewijzigd, scanapparaten ..."
scanning,Scanning USB devices...,Escaneo de dispositivos USB ...,USB -toestelle skandeer ...,مسح أجهزة USB ...,Analyser les appareils USB ...,Сканирование устройств USB ...,Digitalizando dispositivos USB ...,Memindai perangkat USB ...,扫描USB设备...,Scannen von USB -Geräten ...,USBデバイスのスキャン...,स्कैनिंग यूएसबी डिवाइस ...,USB -apparaten scannen ...
key1,Key 1,Clave 1,Sleutel 1,مفتاح 1,Clé 1,Ключ 1,Chave 1,Kunci 1,钥匙1,Schlüssel 1,キー1,कुंजी 1,Sleutel 1
key2,Key 2,Clave 2,Sleutel 2,المفتاح 2,Clé 2,Ключ 2,Chave 2,Kunci 2,钥匙2,Schlüssel 2,キー2,कुंजी 2,Sleutel 2
key3,Key 3,Clave 3,Sleutel 3,المفتاح 3,Clé 3,Ключ 3,Chave 3,Kunci 3,钥匙3,Schlüssel 3,キー3,कुंजी 3,Sleutel 3
keyPress,Keypress,Llave,Sleuteldruk,ضغط المفتاح,Appuyez sur la touche,Нажатие клавиши,Pressione o botão,Keypress,按键,Tastendruck,キープレス,बटन दबाओ,Toets indrukken
configNameAlreadyFound,"There is already a configuration named, ""{0}"", please rename it.","Ya hay una configuración nombrada ""{0}"", por favor cambie el nombre.","Daar is reeds 'n konfigurasie met die naam, ""{0}"", hernoem dit asseblief.","يوجد بالفعل تكوين يسمى ، ""{0}"" ، يرجى إعادة تسميته.","Il y a déjà une configuration nommée, ""{0}"", veuillez le renommer.","Уже есть конфигурация с именем «{0}», пожалуйста, переименуйте ее.","Já existe uma configuração chamada ""{0}"", renomeie -a.","Sudah ada konfigurasi bernama, ""{0}"", tolong ganti nama.",已经有一个名为“ {0}”的配置，请重命名。,"Es gibt bereits eine Konfiguration mit dem Namen ""{0}"", bitte benennen Sie sie um.",「{0}」という名前の構成が既にあります。名前を変更してください。,"पहले से ही एक कॉन्फ़िगरेशन है, जिसका नाम है, ""{0}"", कृपया इसका नाम बदलें।","Er is al een configuratie met de naam ""{0}"", hernoem deze."
error,Error,Error,Fout,خطأ,Erreur,Ошибка,Erro,Kesalahan,错误,Fehler,エラー,गलती,Fout
keyMappings,Key Mapping,Mapeo de llave,Sleutelkartering,رسم الخرائط المفتاح,Cartographie clé,Картирование ключей,Mapeamento de chaves,Pemetaan kunci,钥匙映射,Schlüsselzuordnung,キーマッピング,मुख्य मानचित्रण,Key Mapping
up,Up,Arriba,Opwaarts,أعلى,En haut,Вверх,Acima,Ke atas,向上,Hoch,上,ऊपर,Omhoog
down,Down,Abajo,Af,تحت,Bas,Вниз,Abaixo,Turun,向下,Runter,下,नीचे,Omlaag
left,Left,Izquierda,Links,غادر,Gauche,Левый,Esquerda,Kiri,左边,Links,左,बाएं,Links
right,Right,Bien,Regs,يمين,Droite,Верно,Certo,Benar,正确的,Rechts,右,सही,Rechts
update,Update,Actualizar,Opdateer,تحديث,Mise à jour,Обновлять,Atualizar,Memperbarui,更新,Aktualisieren,アップデート,अद्यतन,Update
newVersion,New Version: {0},Nueva versión: {0},Nuwe weergawe: {0},إصدار جديد: {0},Nouvelle version: {0},Новая версия: {0},Nova versão: {0},Versi baru: {0},新版本：{0},Neue Version: {0},新しいバージョン：{0},नया संस्करण: {0},Nieuwe versie: {0}
oldVersion,Last Run Version: {0},Última versión de ejecución: {0},Laaste weergawe: {0},إصدار التشغيل الأخير: {0},Version de la dernière exécution: {0},Версия последнего запуска: {0},Última versão de execução: {0},Versi Last Run: {0},最后一个运行版：{0},Letzte Run -Version: {0},最終実行バージョン：{0},अंतिम रन संस्करण: {0},Last Run -versie: {0}
offsetLink,Be sure to visit http://offset-power.net/ for update notes.,Asegúrese de visitar http://offset-power.net/ para obtener notas de actualización.,Besoek http://offset-power.net/ vir opdateringsnotas.,تأكد من زيارة http://offset-power.net/ للحصول على ملاحظات التحديث.,Assurez-vous de visiter http://offset-power.net/ pour les notes de mise à jour.,Обязательно посетите http://offset-power.net/ для обновления заметок.,Não deixe de visitar http://offset-power.net/ para obter notas de atualização.,Pastikan untuk mengunjungi http://offset-power.net/ untuk catatan pembaruan.,请务必访问http://offset-power.net/以获取更新说明。,"Besuchen Sie http://offset-bower.net/, um Update-Notizen zu erhalten.",更新ノートについては、必ずhttp://offset-power.net/にアクセスしてください。,अपडेट नोट्स के लिए http://offset-power.net/ पर जाएँ।,Zorg ervoor dat u http://offset-power.net/ bezoekt voor UPDATE Notes.
gmkUpdated,GMK Driver has been updated!,¡El controlador GMK ha sido actualizado!,GMK -bestuurder is opgedateer!,تم تحديث برنامج تشغيل GMK!,Le pilote GMK a été mis à jour!,Драйвер GMK был обновлен!,O driver GMK foi atualizado!,Driver GMK telah diperbarui!,GMK驱动程序已更新！,GMK -Treiber wurde aktualisiert!,GMKドライバーが更新されました！,GMK ड्राइवर को अपडेट किया गया है!,GMK -stuurprogramma is bijgewerkt!
